customer_unique_id,recency_days,frequency,monetary,r_score,f_score,m_score,rfm_code
2c3a02b9098fd98785f390c9cdf3fb58,7,1,6.00,1,1,1,111
1e2f93afcd80b9c58f52e25b1a03abb0,78,1,6.00,1,1,1,111
1a9725a6faddf68070a71a25bf695a39,78,1,6.00,1,1,1,111
2b1ea08d01fab9e50f2b989e2d910707,80,1,6.00,1,1,1,111
13071413b2d7b730db1cd98a4611f2b2,69,1,6.00,1,1,1,111
0d312c82ca29ab2d5d5e29f30f5168ee,69,1,6.00,1,1,1,111
c6f473df3a3442b2c28184fd9b91345e,69,1,6.00,1,1,1,111
3a7e31f18c7b6d5c707d68cc3acf4e6e,69,1,6.00,1,1,1,111
3be4334db5ff06c6940d580f36424fab,69,1,6.00,1,1,1,111
5c1f61144f3fbb984bcaa5081d4ed587,69,1,6.00,1,1,1,111
a99e3f897f5244cc9e9491a608daf32a,69,1,6.00,1,1,1,111
fe86ce129cfeddc53998ddc884d92a46,69,1,6.00,1,1,1,111
c06ae85c947a981b8d1af99b8e0d3f47,70,1,6.00,1,1,1,111
22eecffbc2e4e56747eb329d96051962,70,1,6.00,1,1,1,111
059063072de58e5a847e76c4593d5629,70,1,6.00,1,1,1,111
9c01b2b200a873ee3d7bf6f8e04a45bf,70,1,6.00,1,1,1,111
9e5dba14616edd353e3e344705daebbc,70,1,6.00,1,1,1,111
a941c257a51188577ec66ddbeee21403,70,1,6.00,1,1,1,111
977d8fa938090d14a398c9dc83bad338,70,1,6.00,1,1,1,111
5a3a12ce266dc037a4d6689a9d3af32a,71,1,6.00,1,1,1,111
5c350dd129b03161dfb674d4485f1bfb,71,1,6.00,1,1,1,111
f29f2553228477390f58da04a5c3cb8a,71,1,6.00,1,1,1,111
c332c15f8b177aeeb7b439f4879d50fb,71,1,6.00,1,1,1,111
c0cb8ce9015d957b7b1fb37f8c439e5c,71,1,6.00,1,1,1,111
d4d231d65ee84a50e0142df13dd920fb,71,1,6.00,1,1,1,111
9c6a2c33b3baba19503393dd4a47648f,71,1,6.00,1,1,1,111
a0cc96769a941738e86ac88a9b06edfd,71,1,6.00,1,1,1,111
b3c720e51f24e70b2d260f4cb108d20e,71,1,6.00,1,1,1,111
2c9844d357ffb675fe4c3d29473f2782,71,1,6.00,1,1,1,111
02e8a66528e84b3ca6150d9b1e03a26f,71,1,6.00,1,1,1,111
5e8daf8c56e7ea57b7b508ea39d345c6,72,1,6.00,1,1,1,111
a6d4a66c1e6a8aabd6002eddeca18c26,72,1,6.00,1,1,1,111
c9d749b8bec5051db8a1d50a7a9f261e,72,1,6.00,1,1,1,111
c318a0566b2a3b77d1f05bac5e8b4bea,72,1,6.00,1,1,1,111
df4a473fe7397ce0ee7d1eab32169540,72,1,6.00,1,1,1,111
fc0334b0e1e56824d1886ffc4b7d2f36,19,1,6.00,1,1,1,111
f8b34f85667240ee963019be835a54c3,19,1,6.00,1,1,1,111
eed7a47de7c4c7e68df016a38cf6aa53,19,1,6.00,1,1,1,111
9414b67cf7f338e04d81f867351fd11c,19,1,6.00,1,1,1,111
b0bd994fd9d1c590949928d2f319587f,19,1,6.00,1,1,1,111
c802e3b895363f40d8e59d220b03258c,19,1,6.00,1,1,1,111
bff2db7f78f28bc782a4eaf32b8d00e3,19,1,6.00,1,1,1,111
e1e9a1bcdba4b679475592e4418f1347,19,1,6.00,1,1,1,111
09f851560b90342e505b5a3404d5e239,19,1,6.00,1,1,1,111
1ecd872d7c87a92bccd42e450cc58031,19,1,6.00,1,1,1,111
7728b30e6e69efce169e6ab19f341c66,19,1,6.00,1,1,1,111
84e980ddc764302628d9be7734c5ced7,18,1,6.00,1,1,1,111
708b2e86a9b9d4c44e15c5313e142582,18,1,6.00,1,1,1,111
fc9fb824c68f21fd0871490ab14a52b6,18,1,6.00,1,1,1,111
e9e0edbf8aa28c72737fac59044014e3,18,1,6.00,1,1,1,111
072a543c663f0b54b41af8b074162d62,18,1,6.00,1,1,1,111
e3dc9a16e9ff319f01e8be00a9db6c38,73,1,6.00,1,1,1,111
3945fec78e20624b0ca8a69b3f64f436,73,1,6.00,1,1,1,111
b7df71fafa3490ff60491207136d9b79,12,1,6.00,1,1,1,111
001deb796b28a3a128d6113857569aa4,73,1,6.00,1,1,1,111
7a2422adc58649768dfd94f72d111e7d,73,1,6.00,1,1,1,111
6143af65fa3b3ba78098b7117ef00d23,74,1,6.00,1,1,1,111
5a301da3a0c50579da166564ac781176,18,1,6.00,1,1,1,111
c03dd574c7ba647edd64e7ee79d1dc7d,18,1,6.00,1,1,1,111
ddabf4fe6a9245c49adec21cb7540101,17,1,6.00,1,1,1,111
dd32d91b3e390767e7be4cd982cd9f56,17,1,6.00,1,1,1,111
d4ad0dc6e79fc81e70b2f86a746c9b04,17,1,6.00,1,1,1,111
89c625a042f6af93c5f0e22573255a01,74,1,6.00,1,1,1,111
7c23003f6d2ea71546bfa83ef23c63ab,74,1,6.00,1,1,1,111
803095e5d7c0d6fb29faadfbe65b8e53,74,1,6.00,1,1,1,111
917f89acc35bd14a9431b158236799a8,17,1,6.00,1,1,1,111
a0ea5021165f1f272972fcca92c8d362,17,1,6.00,1,1,1,111
5f4b804b2fb21bc0a8b25b01b7efa59c,17,1,6.00,1,1,1,111
6ceba80b09219eea72938cca246b5339,17,1,6.00,1,1,1,111
6ae1ae4714e95b8f8f910a3b690b37f9,17,1,6.00,1,1,1,111
180ce6c4e74b5e16c027958bf2241881,17,1,6.00,1,1,1,111
14f7c220b4e0b529cb23021b2fb9284e,16,1,6.00,1,1,1,111
aaa0fa0d6f239f72e8067326c6a134fa,16,1,6.00,1,1,1,111
7f5f43a9394964ac51bc5d1e0204ead4,16,1,6.00,1,1,1,111
7dcf330aed7f8066a6dfe18dd1597bfd,16,1,6.00,1,1,1,111
415e7620220b7c3846baf46db27e51c3,16,1,6.00,1,1,1,111
36c3fc185229a8837a1302f4bc8f4b2b,15,1,6.00,1,1,1,111
40418d42f6fe097b451c29318f01e357,15,1,6.00,1,1,1,111
2a28e0b997ae772398ba763df638fc66,15,1,6.00,1,1,1,111
6e637d6cb653d1438d197ada844ed780,15,1,6.00,1,1,1,111
63596e42d64da2ef4b6b36786c0ffa55,15,1,6.00,1,1,1,111
6a4ed801b3dc07f27715cb3075d5ace3,15,1,6.00,1,1,1,111
e7f5d606557690f1afa6e202a4e5bfb6,15,1,6.00,1,1,1,111
1b95ba90c62e9f11e97ce1304f96b958,74,1,6.00,1,1,1,111
07bbb36baa13f6585ecfdb75cc635528,74,1,6.00,1,1,1,111
f2b9c7bc1551f6b12ae7581d792da02e,15,1,6.00,1,1,1,111
f9a26acb59201adc0031186ace6cdb18,14,1,6.00,1,1,1,111
ad2ca0de084cff1144d660d203d990cd,14,1,6.00,1,1,1,111
99a85972598ac28ae4f203676e133b31,14,1,6.00,1,1,1,111
1640e6be9241bec25253b78bcf8c89fa,74,1,6.00,1,1,1,111
4231d2ef71d2931cd73d0ef49ac64ed7,14,1,6.00,1,1,1,111
bf6ed8f5e35ee1636c7ae898e4d38a2f,14,1,6.00,1,1,1,111
d0b614ed8a43dca2f98a7c093723809d,14,1,6.00,1,1,1,111
e757dd9497298910a84a1919b8c35a8a,14,1,6.00,1,1,1,111
2c86215f20da4f0ebc1f31628afbaf45,14,1,6.00,1,1,1,111
11a39e3eb3968676aa98106a19642b30,14,1,6.00,1,1,1,111
198fa73f9282fb46d9b5b5c25394b7e1,14,1,6.00,1,1,1,111
7c3de819c5c8202f72ba56ff8f51ae39,14,1,6.00,1,1,1,111
b9789a3e295d180e8547cab255c5f24c,13,1,6.00,1,1,1,111
925a3849acfb1c22ec3f732af028df33,13,1,6.00,1,1,1,111
18f3465c95a1314ad1536112aa513110,13,1,6.00,1,1,1,111
178abcae329614ef88c84a4f2d01b536,13,1,6.00,1,1,1,111
e86daf283cea342d45723ddd6b84a6cb,13,1,6.00,1,1,1,111
e803bc718f4ff3c615edf9d17e4719b0,13,1,6.00,1,1,1,111
c8ad2ee30a24eb2e3a76b865d5313485,12,1,6.00,1,1,1,111
d25e390b3920f2d6c8a0739b96ff4afe,12,1,6.00,1,1,1,111
011733687890faf081be6fde9e7cc7a0,74,1,6.00,1,1,1,111
780344d838da47df96160e0d99bfccdd,12,1,6.00,1,1,1,111
46d2e80a1ca0ee7a62db0ab302e8b4b7,12,1,6.00,1,1,1,111
fbedc79d4d8599f925bb6bd2aa8cc60f,12,1,6.00,1,1,1,111
18d80539b48782943ec71ac9ce327aaf,12,1,6.00,1,1,1,111
036f41292af402f38e6ed17bacd3e174,11,1,6.00,1,1,1,111
cd13689db46ae3b167ccb071ebbc0e86,11,1,6.00,1,1,1,111
f35e7babf3a5077c2c95b2f837d5498e,11,1,6.00,1,1,1,111
4d386f0c8f4ca6760283647577ac8c6a,10,1,6.00,1,1,1,111
354be39d3b37cfd58e73f53cfd0174da,10,1,6.00,1,1,1,111
001928b561575b2821c92254a2327d06,10,1,6.00,1,1,1,111
29196be5455e33f24dc8fcaa916f5a2b,10,1,6.00,1,1,1,111
df9c264a06689dd14d8bb9da773b56a9,10,1,6.00,1,1,1,111
d81bc4bbe85d4432bbd96d5241268903,9,1,6.00,1,1,1,111
d459c8dd9847c3a7cff9d3ff8724c25a,8,1,6.00,1,1,1,111
c6760273ff7b02b258153dec36a884ad,7,1,6.00,1,1,1,111
8cb552bb3d3254767f1e9078064ed7cf,7,1,6.00,1,1,1,111
7353be07ce9cac1da115dcc3a29c8794,7,1,6.00,1,1,1,111
f9902ec9ad685660e7876aa9da6fb79e,7,1,6.00,1,1,1,111
c7620313ad8f336ef1a86409c44858fb,74,1,6.00,1,1,1,111
b6bc6eaab9eb9a657eef5c57a601713f,6,1,6.00,1,1,1,111
3c47dfe68c3af2dbbf662331f698c3e2,83,1,6.00,1,1,1,111
e8efd904f5cac24b5419e787e410725e,83,1,6.00,1,1,1,111
e2dfca400ca2f5671121e7f6a6bcc27f,83,1,6.00,1,1,1,111
e1c85f77bb34db0755d61ea596e11ec1,83,1,6.00,1,1,1,111
c16c1fa88d7045320612b5c7481a0017,83,1,6.00,1,1,1,111
cffa3735e3c4d6cdd98e7a43b39cc31d,82,1,6.00,1,1,1,111
cebf6d20c8b89653b6b21d8cd42de112,82,1,6.00,1,1,1,111
d8752c6861f92232d6811bace3e1e96c,82,1,6.00,1,1,1,111
b31c9083df03daba33cf3cd7c32e8f53,82,1,6.00,1,1,1,111
842909a01087405cc84f9c41d519b3f4,82,1,6.00,1,1,1,111
7c75e010e637f4f32ac425dd7982a9d9,82,1,6.00,1,1,1,111
8af3bf05a1bed6b602640e3af01305c9,82,1,6.00,1,1,1,111
67290cb3c52701d36b0864decde52e26,82,1,6.00,1,1,1,111
76e450ad0dd910adc304127c01dd8ab4,82,1,6.00,1,1,1,111
75e9ca5fea78afa5f2fb324d58593d64,82,1,6.00,1,1,1,111
4df2fb3faf5f1af030298a009f92b56a,82,1,6.00,1,1,1,111
17cbedc24919c57eab7701e9d4136f16,82,1,6.00,1,1,1,111
128963de0688f0824e10f06012bd45f1,82,1,6.00,1,1,1,111
062238d27c69d03c3cf38b199d6a17a4,81,1,6.00,1,1,1,111
26435e2cea7507ff59be5351235daa2d,81,1,6.00,1,1,1,111
1f508e60fbbe74dbec28e4013599d0ff,81,1,6.00,1,1,1,111
1d12191621c02b528b1fac8d221e5bc3,81,1,6.00,1,1,1,111
a1b1b1ff65d49b3c417da96e181b11b6,81,1,6.00,1,1,1,111
c4aac8360e57eb2ad666d53281acf3e4,81,1,6.00,1,1,1,111
cb8662672b8a33562c7508a7ef1c1fb7,81,1,6.00,1,1,1,111
ee3085a51c5d83d1c6c9b801ffaa9cbd,81,1,6.00,1,1,1,111
6ec6389f7995e967419e6932ce93649b,81,1,6.00,1,1,1,111
78c82335a1be65b1bcc84d28cd2a0d73,81,1,6.00,1,1,1,111
580cb51ef32f77efc212a90937e83ce3,81,1,6.00,1,1,1,111
578619192f388708eeb68f604bf43e4c,81,1,6.00,1,1,1,111
41f6e1b035458d4e908ad2afdb7006cd,81,1,6.00,1,1,1,111
45d1c56383e4e977087798ada78ac371,80,1,6.00,1,1,1,111
929cca0da005b90ff84064609a25b805,80,1,6.00,1,1,1,111
ba024083a600977ca295facae24a3896,80,1,6.00,1,1,1,111
b9b1a052999a70e11ea371670af35de0,80,1,6.00,1,1,1,111
b7c108aa583a020c6cf862954910fe4b,80,1,6.00,1,1,1,111
b5294575700727d9702ed9c3edebca45,80,1,6.00,1,1,1,111
0b1ef8f1c964c96702a47c381c61f84f,80,1,6.00,1,1,1,111
9bef825c531fc3631584df912afbb0a0,78,1,6.00,1,1,1,111
9f77a153eb2afae731c6e94762dd9c74,78,1,6.00,1,1,1,111
a3790c497b0ff156ac657a9521b86226,78,1,6.00,1,1,1,111
6eb8a2a89a8603f8c7935a870d707b60,79,1,6.00,1,1,1,111
5d88bd88c9579a989ddc851c82b0e5bd,79,1,6.00,1,1,1,111
66b3abdcd16946dbdc4a946bb49b9dce,79,1,6.00,1,1,1,111
2c3b4164d355435c686926ea0b391ce8,79,1,6.00,1,1,1,111
1c9335489ef62337129fd9f5023e7c32,79,1,6.00,1,1,1,111
0fc75386564a02fc4c0f37f0fb901aa6,79,1,6.00,1,1,1,111
d41f37ab92ba0000abca9418e1974179,79,1,6.00,1,1,1,111
acaf9c8dbadcef1c6ce123806c9e6c34,79,1,6.00,1,1,1,111
a2f717aa61bb01e688d547976d339428,79,1,6.00,1,1,1,111
b2b8c30ebaecd258b046a58574474c0c,79,1,6.00,1,1,1,111
b2f959c0170184abb7c5c43dc15d2c8a,79,1,6.00,1,1,1,111
ed714d066678c911cf14b9319ae55a02,79,1,6.00,1,1,1,111
f037ce08051ed4742e3a8c8c58193f6c,79,1,6.00,1,1,1,111
c9fba04ea0c3646531ffaec5b2d5cc68,80,1,6.00,1,1,1,111
8b1371508a4fe08f6f680705db002f01,80,1,6.00,1,1,1,111
80e968c229f2d73ddd2198bfa050af17,80,1,6.00,1,1,1,111
62564bb035479125e2961f465565adfd,80,1,6.00,1,1,1,111
3d8f63e51c1f45ef00bdc81d965b6f37,74,1,6.00,1,1,1,111
3f4a36b6c601a4ec393742f22a372b07,74,1,6.00,1,1,1,111
d5ea50c98aa40018a98b94aa503c815a,75,1,6.00,1,1,1,111
c5a87762eee414a837994ba0eb447041,75,1,6.00,1,1,1,111
67f7d267931d6b466c95818318da0cb5,75,1,6.00,1,1,1,111
69084434a5f84031844ea9437289dd19,75,1,6.00,1,1,1,111
7bcf1cc174419046b5c554e770a7e2a7,75,1,6.00,1,1,1,111
82aa943f94e0f50ac5415b1a2cc7b354,75,1,6.00,1,1,1,111
af7818456efda41e75497ab9b240bff4,75,1,6.00,1,1,1,111
9b317470f896778b506d35f71b84a528,75,1,6.00,1,1,1,111
37ae7c58b4be022ce76874059d56d998,76,1,6.00,1,1,1,111
696bcbb6efac684825aa192edaf8126e,76,1,6.00,1,1,1,111
c1c431509360faa8a6344ddc22650d2e,76,1,6.00,1,1,1,111
12869eae016893325456717ed2b57427,76,1,6.00,1,1,1,111
2d8ee44f2e52eab6d4486830a4e6a60e,76,1,6.00,1,1,1,111
09e0892757b9236f00bdaff2b378253b,77,1,6.00,1,1,1,111
f7e21dc793f9ec893a73e8f6fa3b417c,77,1,6.00,1,1,1,111
3d9eefabcc18173795e8cdb0b5644386,77,1,6.00,1,1,1,111
7611c1c57e281b24b0e4efb7b4962ac9,77,1,6.00,1,1,1,111
823e768b373b1acb9edf618e67bb0145,77,1,6.00,1,1,1,111
62478e432992b8756cad2d8b6fffb06e,77,1,6.00,1,1,1,111
68894ba12663385ac3eff14899f54def,77,1,6.00,1,1,1,111
aec192ba767b529eae7c4e8dcd4a1d96,77,1,6.00,1,1,1,111
e2c30420545a29c61584d6006811c1b0,77,1,6.00,1,1,1,111
c4a8d68b42635b6fc8539a0b7ba38ede,77,1,6.00,1,1,1,111
c4b1e5c06add0388a2d181248f4c3a3e,77,1,6.00,1,1,1,111
c2fd0cfe467f2a1dc7a1854e1924d232,78,1,6.00,1,1,1,111
19c536531db4a7685fae8423edfc72c2,78,1,6.00,1,1,1,111
baa8144c90cc484cda27858b86a32f99,71,2,6.00,1,1,1,111
bdb40fdb1df62064c8ee38b845459e77,61,2,6.00,1,1,1,111
86cbe11fd60a1037c99ac650997ff80a,23,1,6.00,1,1,1,111
8d073068b7eda86142f1563b922c9727,23,1,6.00,1,1,1,111
b5f8487590dbf8c58d1abb635ff21d08,23,1,6.00,1,1,1,111
a389cb2cf90568bd23689f6d20c3bbc2,23,1,6.00,1,1,1,111
1c085622f3e08953ec41c54723d017c5,23,1,6.00,1,1,1,111
2eb024f5600d788ebc45caf7b962f243,23,1,6.00,1,1,1,111
c838fd26278f9cb8752f1a067d488dc7,23,1,6.00,1,1,1,111
d8182e33151364df08d8c6e28b51cbfe,22,1,6.00,1,1,1,111
e4fa7e3641d015919cf66a0919c1e7e6,22,1,6.00,1,1,1,111
c78e6e509645be560e867577f333bff8,22,1,6.00,1,1,1,111
9e275671202bef53a3e531057fd9c485,22,1,6.00,1,1,1,111
291d020953194db1b8578ff8d9959c62,92,2,6.00,1,1,1,111
ae899cddd0d9a9ae7f10099595241089,90,2,6.00,1,1,1,111
4e6b130c18a39ccc9a5a3cb062344ad7,63,1,6.00,1,1,1,111
1fb5645611bf27d5e69925e1d4f5b6cf,67,1,6.00,1,1,1,111
1f9c48f49104615ed8ccf11a0d2b6865,67,1,6.00,1,1,1,111
1cf20867955867347b802ab40dd74689,67,1,6.00,1,1,1,111
045b2197c52c574f3443d3c74dbdd6ab,66,1,6.00,1,1,1,111
12daf373729890fb70d6e10e89f3157f,66,1,6.00,1,1,1,111
ad6cb9c7441bed87f39a478a1830a0df,66,1,6.00,1,1,1,111
a98374944c391b683705a86444079d56,66,1,6.00,1,1,1,111
e33529eb32d5ff3684732d3de4a2d3cd,66,1,6.00,1,1,1,111
878d1683076172a5b7ffc7126ba99acd,90,2,6.00,1,1,1,111
f43a741f2b86fc593b013959d7b34083,84,2,6.00,1,1,1,111
a163d05eecb19576ff0157a8f55844f1,22,1,6.00,1,1,1,111
74da9bfeaa1c29dc1e5b3a07a4ec17a2,22,1,6.00,1,1,1,111
7dd2e8827e0bb9c6e63127eafc85d9e3,22,1,6.00,1,1,1,111
4199bfc0fc1a7bc4009e77babf61038b,22,1,6.00,1,1,1,111
531a1a612d4506e1752a39023655831c,22,1,6.00,1,1,1,111
50bb522b463517d5cdcb4ce2ac2fc610,22,1,6.00,1,1,1,111
f0cf6e4ed0e235e8fed8a6e2d209711b,22,1,6.00,1,1,1,111
fe0629db392c940ec6fd9935ae224071,22,1,6.00,1,1,1,111
0167f525469634cccbda49491f01324c,22,1,6.00,1,1,1,111
22aa818d91760f0e8ef6515d8b6af549,22,1,6.00,1,1,1,111
744765d6769a9910f401086aa32a1701,69,1,6.00,1,1,1,111
84c3b9f27b3658e76701ebf57851605a,68,1,6.00,1,1,1,111
669dd06846ae9e7d1634981bdb2f08c6,68,1,6.00,1,1,1,111
74cb21ed97707645fbb69231f30a55ba,68,1,6.00,1,1,1,111
99aa844e1dfbb94ee8ea9301de8cbe25,68,1,6.00,1,1,1,111
ad766430832b4c11e38df28f91eaeafa,68,1,6.00,1,1,1,111
f53d847d49d33538c9a0d17251ceb68a,68,1,6.00,1,1,1,111
3983d70881f360f71bbfb1950bdb65d4,68,1,6.00,1,1,1,111
397017a63f9c38e08a205d660a5d3019,68,1,6.00,1,1,1,111
532fdcdb06e4266608a798f54fd35d8c,68,1,6.00,1,1,1,111
cb8a48f552b6dfba01c3362d4eec7e79,68,1,6.00,1,1,1,111
d0b3390ea758fc3db8a00af6c26e5478,68,1,6.00,1,1,1,111
a136639d058fc587dedd283a287474cf,67,1,6.00,1,1,1,111
b2a10ac7df4d1c125611afeef752d1ae,67,1,6.00,1,1,1,111
4da2181b308c5af16e4c18483cea5b48,63,1,6.00,1,1,1,111
46e24d281c87ae678aec81915907dd78,63,1,6.00,1,1,1,111
45c327d8b3ca237bfa0e0f6e77de9fb7,63,1,6.00,1,1,1,111
e8075d0d19d526b4c51dde1ed84582eb,62,1,6.00,1,1,1,111
c1bafa3c38991f0773f366084b98bcd7,62,1,6.00,1,1,1,111
ba25a2f9e943b71837db565f2a3de188,62,1,6.00,1,1,1,111
7824587a052b69872336fa8ab9c7d96c,62,1,6.00,1,1,1,111
4fd113823bb24c496078c6f937487fa9,62,1,6.00,1,1,1,111
0b4ea0237786c5d1c034ebb2f27ccbd7,62,1,6.00,1,1,1,111
2643858438fea5b8d93a717648816662,61,1,6.00,1,1,1,111
25325d558a8e0d36fcd5e3b6a8b80eb6,61,1,6.00,1,1,1,111
0f113dd39658562f828e51410f67de15,61,1,6.00,1,1,1,111
c165394e5a00db758059fc4f6c6895bc,61,1,6.00,1,1,1,111
cd7cfb30414777d6586f1ccb79cc1cb5,61,1,6.00,1,1,1,111
cbfdc22c0c1294be63e5a4d62eb96193,61,1,6.00,1,1,1,111
d0b9a20f4efe329f146c1954fb3fb019,61,1,6.00,1,1,1,111
f3acfa3a10c4193bdf295af387d6db87,61,1,6.00,1,1,1,111
eb5eff354c6b7726ab464ec04c97b12a,61,1,6.00,1,1,1,111
61bf8e4656ece5791021786c756f1894,61,1,6.00,1,1,1,111
68667861acbf4ec0e980b6a3933d489c,61,1,6.00,1,1,1,111
5af81692bef1371aed2ef226c8836f9c,61,1,6.00,1,1,1,111
40bc0c5f4ce6024f045e62c269a8645f,60,1,6.00,1,1,1,111
40b9180b6b4c971a61c283bb11c4905f,60,1,6.00,1,1,1,111
3d435b8da024ed08d2e43ecefdf46a9f,60,1,6.00,1,1,1,111
a89f132caa2e53e649d4e59d269fa8bf,60,1,6.00,1,1,1,111
fa2a54ebc9df126df892f33cb604e79a,46,1,6.00,1,1,1,111
7e7c1cf8c1a7ae4149f5a2fc2b1b65b4,46,1,6.00,1,1,1,111
38617bf4355f96ed474cacae71db2873,45,1,6.00,1,1,1,111
50d067af4bbd9a299e40a68f6ab31e50,45,1,6.00,1,1,1,111
4b349b23d13779e2b43625e1b661615b,45,1,6.00,1,1,1,111
abf227dc917e1dd81b8149735d755b65,45,1,6.00,1,1,1,111
a448ff454d6c6dae678669f12178fdb4,45,1,6.00,1,1,1,111
b239347d4d27f75a5d272929368ba243,45,1,6.00,1,1,1,111
7b09482951912a5fb582aa19d353cfe3,45,1,6.00,1,1,1,111
91570bb635619aacfcc8a0d4e4c6ab8e,30,1,6.00,1,1,1,111
ab1b1335445f91862e930d735591527a,30,1,6.00,1,1,1,111
a81c4ffcb6346edf550157d5a0a003c4,30,1,6.00,1,1,1,111
a6acaebfee00f4c666666c82c7508180,30,1,6.00,1,1,1,111
b9f0263ed58ccbb9222d26b7c34e7b80,30,1,6.00,1,1,1,111
a0cd1f3e0a9259b6dd8ec0ed4f63a63e,30,1,6.00,1,1,1,111
c24418a742a0d8fdf59827fd30d5e01e,30,1,6.00,1,1,1,111
c8c34db5088b1fb2682aa1a2c11914de,30,1,6.00,1,1,1,111
ea982877f1cc7c385f965955a3ec65fe,29,1,6.00,1,1,1,111
4aee996e01e1a5c4c1e2eb3f7ace9063,29,1,6.00,1,1,1,111
cdbe9e6dda65875d53fa13065d5a4ee9,29,1,6.00,1,1,1,111
13e39727a16c31cb2f91569351b31d13,29,1,6.00,1,1,1,111
0f4054aa9ac17890e078d931362ae93a,29,1,6.00,1,1,1,111
681e78b2bb4e86af70cb3b45adbe122a,29,1,6.00,1,1,1,111
7551f2efd4c2254a09a1bbf8f6f85e2e,29,1,6.00,1,1,1,111
6d742fbb67a43981bf79c0f6a24cae38,28,1,6.00,1,1,1,111
6d51a2478f601d2b0382d163a5a01958,28,1,6.00,1,1,1,111
7776df56786edf5e0f5cdb708d07ad97,28,1,6.00,1,1,1,111
98ea40824c7fd232e76771e9786aaa76,28,1,6.00,1,1,1,111
fde02dd7be2a3183e1e6690ec9e952f8,28,1,6.00,1,1,1,111
0b75b025a4a23ff449139199715f8960,28,1,6.00,1,1,1,111
19e9c460e75ea7654140c90e06bc9ae8,28,1,6.00,1,1,1,111
3d88eb9dbdae62a25db397df10cec4ec,28,1,6.00,1,1,1,111
50c331e195b1b8f694e1a20c147b0539,28,1,6.00,1,1,1,111
baa502f80485bad26d5243c762e4d511,28,1,6.00,1,1,1,111
d3504143c68ade90385518dd26d7ac05,28,1,6.00,1,1,1,111
c283a677fa9937143f13fe6f58fd901d,28,1,6.00,1,1,1,111
ceb66cc17afe15e697db5f8ba47c7182,27,1,6.00,1,1,1,111
c7ffd67556b0ce043baed501d4899bb8,27,1,6.00,1,1,1,111
c596a5d0ac41a4a51eee68f1a0fe7ecc,27,1,6.00,1,1,1,111
b31aa93dac6498f90336874e4d17f3d6,27,1,6.00,1,1,1,111
9155d337b80f0c2b73519b61ee0b6437,27,1,6.00,1,1,1,111
a984dc73180e58d6b3520c7e32dd33c9,27,1,6.00,1,1,1,111
79dbe8f7d2cd77fc463cfb663ab1375c,27,1,6.00,1,1,1,111
5ff3b50583f44ecf55b7e7f704ca97bd,27,1,6.00,1,1,1,111
800820dd5f33d2052854b4585fdbf01d,27,1,6.00,1,1,1,111
37d7a8654918a844ec0ce4b049cca9b0,27,1,6.00,1,1,1,111
3672d762029f6a1869ac18325abf4795,27,1,6.00,1,1,1,111
0056c2dd794a5eede6164dcae635875a,26,1,6.00,1,1,1,111
991f43020923fe70219ca5e44119ec16,26,1,6.00,1,1,1,111
ca81458af1cfd7972ee1dccc8853d4c0,26,1,6.00,1,1,1,111
f64252a555afb1b642c0bfda648ddff7,26,1,6.00,1,1,1,111
787e422f4ab02214e5312445d55ff22f,26,1,6.00,1,1,1,111
43c3369dad25da2107acd184075b0217,26,1,6.00,1,1,1,111
386484f7941e1d2632a2f1f5c597d65c,25,1,6.00,1,1,1,111
942c87794610b49b670506def94b8f17,25,1,6.00,1,1,1,111
0d1fe68a782a79b009092e1e043e426c,25,1,6.00,1,1,1,111
64dbbc66e67cd6b74a7b55c2d34adc6b,25,1,6.00,1,1,1,111
f8414aab3af31faec50b0193f1400090,25,1,6.00,1,1,1,111
f752f33eda408dadfd3d2b3041cf2815,25,1,6.00,1,1,1,111
ea2542ee4bd82e2f5599454821c9818c,24,1,6.00,1,1,1,111
9c2585f927eee84bd3856201a2a1bc96,24,1,6.00,1,1,1,111
a4837630a9600d93cbd3b310854b8b00,24,1,6.00,1,1,1,111
92eb9f69fe77f42bf7a648c21fa2cc76,24,1,6.00,1,1,1,111
af5990af08c5ded79398a493a3be1842,24,1,6.00,1,1,1,111
4f1dced97eedcc55e4966d0b746c2f4a,24,1,6.00,1,1,1,111
cda5477430c1c4b19bc0fd8f55b866c0,24,1,6.00,1,1,1,111
bfee7b14fc53e8a472abe7709ba654d5,24,1,6.00,1,1,1,111
1d18594dcb30012bc307435361aaea4b,24,1,6.00,1,1,1,111
19f19354cf9524cc834a5036ff79925c,90,2,6.00,1,1,1,111
7ffa2a1b57b9933dcddfb3684fad51bf,67,1,6.00,1,1,1,111
4883109917dd4bf33d4d029dab65ad2b,67,1,6.00,1,1,1,111
3b78563d931271fd2d6be87b30c3e7aa,67,1,6.00,1,1,1,111
eef583527165bea0e274535b402d0e86,67,1,6.00,1,1,1,111
2c70b5a29ca88d9082063ab6ee3ead17,67,1,6.00,1,1,1,111
298a2a12276b2f2ae86d8bc02eadcf07,67,1,6.00,1,1,1,111
dd3f44ee28286d1eb2de769959b5b0d8,66,1,6.00,1,1,1,111
ea2b0d7a0a90d48af8fa7962e12a4210,66,1,6.00,1,1,1,111
57c2cfb4a80b13ed19b5fb258d29c19d,66,1,6.00,1,1,1,111
a3483ba7887d2c1a73cf0fbbd749a808,65,1,6.00,1,1,1,111
0a38322966d62df297e832d7db9a2d9c,65,1,6.00,1,1,1,111
64141d6a76cf3ad362c44e85d9de8ea7,65,1,6.00,1,1,1,111
7d4ed299c3c41701c0558287cad39827,65,1,6.00,1,1,1,111
6f208bc8335390df9ac13fc05dea345c,65,1,6.00,1,1,1,111
b351086fc2daed1477cb2b4b00133119,64,1,6.00,1,1,1,111
a41f2e9a8fa027a863c24fb5e262ef01,64,1,6.00,1,1,1,111
0af856b84f956b11317832a27b18ff4b,34,1,6.00,1,1,1,111
2fed7f906c785141f560c6e84d3c2b5e,64,1,6.00,1,1,1,111
2fe7eb628ecde99ab8931aee6c614b5e,64,1,6.00,1,1,1,111
479a808ead2b7759ac9bb0032011f38c,64,1,6.00,1,1,1,111
25e5d2de017184f01fd57fbddb1f2a11,64,1,6.00,1,1,1,111
88588dae08ca7755e4d4011aaea8783c,64,1,6.00,1,1,1,111
695a739f5c0cda6f66e2e60f1fbc9e0d,64,1,6.00,1,1,1,111
b98de9b9357dc16158a7d4f584574575,63,1,6.00,1,1,1,111
b6060f1e6ead8a46861445ea8ac72c85,21,1,6.00,1,1,1,111
d132b863416f85f2abb1a988ca05dd12,44,3,6.00,1,1,1,111
e53fd5575f1418397aae732c5755b6fc,14,3,6.00,1,1,1,111
a73c5464692d3bc09d64e3edefae9015,79,4,6.00,1,1,1,111
f8fa17daaf0adafafa70582380d5e237,36,1,6.00,1,1,1,111
ef9fdb355684024c1aa834c328980e9a,36,1,6.00,1,1,1,111
6a3b483e9b2d95ff255471067c0f7203,60,1,6.00,1,1,1,111
65dc7b434112b1871ffba93a74a65b5d,60,1,6.00,1,1,1,111
b38109b1ff604f537421fc2b08a1b02f,59,1,6.00,1,1,1,111
5df3fdd7435e500d7552b5b269fef4d5,58,1,6.00,1,1,1,111
3daa7acb06726ac755289163f6a81f70,58,1,6.00,1,1,1,111
cfcf7d13ce4e8be36c33e4d90b420878,58,1,6.00,1,1,1,111
d94dabf89b0f9242bfbbfd72451d8ac9,57,1,6.00,1,1,1,111
ae5b077a7ba102a667a435d8bd3a24ec,57,1,6.00,1,1,1,111
553794cff4e348036f304dad71814df5,57,1,6.00,1,1,1,111
53d1b48bd9aa8100f30a5a631012ac33,57,1,6.00,1,1,1,111
f6467e3381d5edf74684b41ac432279e,57,1,6.00,1,1,1,111
107f4a8b2a16c8956b93cea0208efb95,57,1,6.00,1,1,1,111
07d190f123147d9e89d4b922543d7948,57,1,6.00,1,1,1,111
137bcc4182cebd6af16027c81932b49d,56,1,6.00,1,1,1,111
8c4840f05ac6595c7b26b76945a69bde,21,1,6.00,1,1,1,111
a3c2b12d32867ff84518faaae83b3739,21,1,6.00,1,1,1,111
c131fb2090a114877c0330bbdd09ed04,21,1,6.00,1,1,1,111
f34f3c6c4bfe650689b22e5ba7a92888,21,1,6.00,1,1,1,111
e981cdb906f62ba7b18d1a3e54abccf9,21,1,6.00,1,1,1,111
43c91b8a1bc8ee8ad0005a2690d4c39c,21,1,6.00,1,1,1,111
5ac53376e1062bedef136a6928961d44,20,1,6.00,1,1,1,111
9b7b99440a9a79215d706296716e5632,20,1,6.00,1,1,1,111
8e47d2ea4964a08fe30cfe024f4039e8,20,1,6.00,1,1,1,111
084b6a94c8cdb12b4ee05006af246aa0,20,1,6.00,1,1,1,111
6d44ca47f1c510df4438031a57fe30ea,20,1,6.00,1,1,1,111
d581949d9873aa0cccc067932837ec2a,20,1,6.00,1,1,1,111
ef410c47887860cc88f0dd82ca5dc6aa,20,1,6.00,1,1,1,111
aa591348866497ba6bf83de62e4f8813,26,2,6.00,1,1,1,111
15a52a044cbf18c87283f8c460ad5ccf,21,2,6.00,1,1,1,111
72421b30e46c895e99e8560a48a33fb6,21,2,6.00,1,1,1,111
b7b68a8bb6ca48aefdd5790e04cda817,81,2,6.00,1,1,1,111
56c355e615aa216a8c404c4f3d22383c,80,2,6.00,1,1,1,111
de73179fb08ccaa16bfbf6c139879855,77,2,6.00,1,1,1,111
779f7ec7155dfd74a8425e40c4d34497,76,2,6.00,1,1,1,111
70601471b692cc0879300373118041ff,73,2,6.00,1,1,1,111
862b2c6ccf4352c087cd60cdac498b48,33,2,6.00,1,1,1,111
f257deaa49d5e0a8c5fde46dfc350e52,33,2,6.00,1,1,1,111
f8daef44c2589a488bfed29f1be8396a,31,2,6.00,1,1,1,111
b9badb100ff8ecc16a403111209e3a06,29,2,6.00,1,1,1,111
3bcd0ddf751cb9542efe9f6299fad626,59,2,6.00,1,1,1,111
df2a9226267aa1598b499b3ea09fcf60,51,2,6.00,1,1,1,111
b2c913a0723c7737e11067861e061913,49,2,6.00,1,1,1,111
874fc5237d72429de2ac99ce7d897a07,47,2,6.00,1,1,1,111
3daa1c97a3155484f70c88b19c90dfb5,47,2,6.00,1,1,1,111
0a1f83858e65e141609fca9ea70a495a,47,2,6.00,1,1,1,111
da8618694dda57a7eb9be2611e110f35,46,2,6.00,1,1,1,111
27eecff5a6338f7c36c78ad05eacc575,18,2,6.00,1,1,1,111
c5cc0bee4b73138ed973a1720df085aa,17,2,6.00,1,1,1,111
3fe3e628c6c7a15ae96416826a4c5952,16,2,6.00,1,1,1,111
ef3aa901ca7f8bc099be6fd33f8daba6,46,2,6.00,1,1,1,111
ef309784561fed416ff25e05ddfe495e,46,2,6.00,1,1,1,111
696fca7af7f751e1749087433a92c790,43,2,6.00,1,1,1,111
5936fabf5dfeaa6c31d9f649b5794e2c,37,2,6.00,1,1,1,111
b20d4c380371b297b3dca595a79c348f,63,1,6.00,1,1,1,111
99e883853cdff728ef48c6ca2c9cfaa8,63,1,6.00,1,1,1,111
8f4d2f5153cc1b17479b8deaf8602d0a,63,1,6.00,1,1,1,111
a1296778f9146044596537f28a2f00b8,63,1,6.00,1,1,1,111
ed6a892d0c9a189ffbd27e43e3625684,63,1,6.00,1,1,1,111
4008bb8eea2a5c2e193d0173aed366a0,63,1,6.00,1,1,1,111
4ef5f95942f142b58998f2bdd52af128,63,1,6.00,1,1,1,111
8eda36b1582f48911a40565f7646e442,56,1,6.00,1,1,1,111
8da41466c6673f9e6433645051ad4576,56,1,6.00,1,1,1,111
f2f39779300b0112f90b61a777da4e8e,56,1,6.00,1,1,1,111
76d76cd68a25d9a8b6b99dc4194aaf0a,56,1,6.00,1,1,1,111
32abc7be8597ca79733508abb1db86c9,56,1,6.00,1,1,1,111
ade4d91e2ce0a056c07d8069554f88c4,55,1,6.00,1,1,1,111
cc1c732ee15c432d060c876c7e9aec5c,55,1,6.00,1,1,1,111
ad38a36de51f2106e9fca24dabe42a38,54,1,6.00,1,1,1,111
5c765ae38192c4edbe49b49ac81d323a,54,1,6.00,1,1,1,111
c3d2e6a31d293b7c5ab0ad354a87619e,54,1,6.00,1,1,1,111
97bea1bd851c66cb1b935ca5120c4fef,53,1,6.00,1,1,1,111
26d32698f8b6644adba42fdd2d226407,53,1,6.00,1,1,1,111
04ef415f1d1c565ac89d4c345ae6fc40,53,1,6.00,1,1,1,111
d333c66f33257625f8a0302519c0c7de,53,1,6.00,1,1,1,111
cbea983a8218befb98795a4ef7f82bcf,52,1,6.00,1,1,1,111
979243d8d465d002397d1e5febd19a31,52,1,6.00,1,1,1,111
71cb6495e38947c20cbe1c8be3a219f3,52,1,6.00,1,1,1,111
36133288fc03ebf3835749b27223624e,52,1,6.00,1,1,1,111
3dac8a5eb348589998102dcddf3bb259,52,1,6.00,1,1,1,111
ec1b98c704b3091f0f914cee6b380f38,52,1,6.00,1,1,1,111
f32ad8fd503a7697e3d1ad2b9d710e7a,52,1,6.00,1,1,1,111
236e278f3f926ac2206d12cfabcd2e1b,52,1,6.00,1,1,1,111
09536dc9877fdd273ff34dffc3a6b973,51,1,6.00,1,1,1,111
b3e529a2053eaec39876a97f990c3726,51,1,6.00,1,1,1,111
a9ef0bed0a60c4c3376d32f65748efe8,51,1,6.00,1,1,1,111
94eae8afb0fdc74a7f77450aa491a074,51,1,6.00,1,1,1,111
f86b5e68941ef31c1c45eceb072eb6e4,51,1,6.00,1,1,1,111
67c9b382e621d5d8d70ce1b53743fe3b,51,1,6.00,1,1,1,111
78d6d92bab9bfd21bac41a8c4c523181,51,1,6.00,1,1,1,111
301fdbdb88825096a683fcfacac44718,51,1,6.00,1,1,1,111
ba2da7dd06ec9addbc1193c8f314f09e,50,1,6.00,1,1,1,111
19db446f263e6eba7f12d4d80ce5d308,50,1,6.00,1,1,1,111
5f804c4f73397c6b7d0643012d788c83,50,1,6.00,1,1,1,111
f0c098c7c1e7e7ead5112b4073c251af,49,1,6.00,1,1,1,111
a3e5c1341fb95c48bddb6d5f70c57e5d,49,1,6.00,1,1,1,111
55df7f828351ee6f691b21b8fc2224a8,49,1,6.00,1,1,1,111
47210d3ce94df6a7e4895266f9658b6e,49,1,6.00,1,1,1,111
caa4de7729f9cd45c3302e258841bdb4,49,1,6.00,1,1,1,111
d370a413e1f40d4798d3b33f16896a04,49,1,6.00,1,1,1,111
1192391a40ccb0b8c2d96c7865b28ee1,49,1,6.00,1,1,1,111
0e10c840206e4bce1cedfec1395dd2db,49,1,6.00,1,1,1,111
1a587b838a7e07d33c9d581e268d802a,49,1,6.00,1,1,1,111
72048e1d6aa86fdc45c580bbbbf5c7b9,49,1,6.00,1,1,1,111
8a3a639f184732bc3b07a7776bc34573,48,1,6.00,1,1,1,111
d2d872db318c912fdda4f5897e4729fc,48,1,6.00,1,1,1,111
bd3dcc49489d1c665291fdecc22a3c75,48,1,6.00,1,1,1,111
da572a48fcd5b6554b601efe1b306aa8,48,1,6.00,1,1,1,111
c7449e6c16701ff9d155ed609ca7820a,47,1,6.00,1,1,1,111
debe6716f0bcb2325600aa2bfa0bc0b6,45,1,6.00,1,1,1,111
cd6474598350dc73983a584f9fe3a366,45,1,6.00,1,1,1,111
a26fff917d367b218a794da1eecba3fc,67,2,6.00,1,1,1,111
f1d048bdf1ab1d4ce450b4237ffcec41,45,1,6.00,1,1,1,111
ae489dd437e52f25ef2e094a75141396,44,1,6.00,1,1,1,111
9fc40e07c540ae6cb1cc7cf10019ab3b,44,1,6.00,1,1,1,111
a1bca498bea13c7c1a53f1cad3ad790e,44,1,6.00,1,1,1,111
45325be297e2cbb04d9745d2b37bcf80,44,1,6.00,1,1,1,111
0b01785701dcb53ed1ae0b2d8c226b7a,44,1,6.00,1,1,1,111
6497ed50b6c370d8ac59bfc3ddb0775d,43,1,6.00,1,1,1,111
5509f09308a722e08252bb22bb0d870f,43,1,6.00,1,1,1,111
2ecddf370925aff428e58b4f6021fe38,43,1,6.00,1,1,1,111
d8fb9a7157114af9690a03b6ff65a3cb,43,1,6.00,1,1,1,111
cb47c30dd1cf3d5db1f6a2496b165712,43,1,6.00,1,1,1,111
bee155c4fd114d94103d3e330d1724fe,42,1,6.00,1,1,1,111
9691d22346754dd206a2b68a0b418096,42,1,6.00,1,1,1,111
8de5b2b09bbf51c802630652f80341e4,42,1,6.00,1,1,1,111
7eb01375acdb31f459378ee720ab1121,42,1,6.00,1,1,1,111
0be330030885cb5b0cd0fc84f90d4ad5,42,1,6.00,1,1,1,111
1ce30ef5d3dd24768f66a2fed83a8763,42,1,6.00,1,1,1,111
1b212e01626154e4d6c51b595c2332e6,42,1,6.00,1,1,1,111
0301e2b22f44b5a060987ecf49f8ada8,42,1,6.00,1,1,1,111
0ee5e3487aa42b96e384bd4ae31743af,41,1,6.00,1,1,1,111
15ac25e2b25065073f99110af705cd19,41,1,6.00,1,1,1,111
cd2624b9b75d83efb640f7204232511e,41,1,6.00,1,1,1,111
c0441350fc63bde5244872590587f1b6,41,1,6.00,1,1,1,111
f649b35378060c6e4d16209fbebd17aa,41,1,6.00,1,1,1,111
6036d9ccfdc05114b85a37affd3b894c,41,1,6.00,1,1,1,111
4746432412e3484e8db19d5ac859841b,41,1,6.00,1,1,1,111
53448444dde1ffd4734e3c65fc5f5374,40,1,6.00,1,1,1,111
31771f8f793e3bbe3122fc1eba2b92f8,40,1,6.00,1,1,1,111
428298de4ea56162de460636a702e174,40,1,6.00,1,1,1,111
9b82602fc3e9a153752f16553752d58d,40,1,6.00,1,1,1,111
a28fdce9208b7abf9c3e1bef3602a6b4,40,1,6.00,1,1,1,111
9369070284424eca0fc33f978f2e8d0f,40,1,6.00,1,1,1,111
2e737bac763d766ec41abbefa2533872,40,1,6.00,1,1,1,111
f4d515537281411bab4708749d303edb,40,1,6.00,1,1,1,111
f6e9a8300707615cf6ca3a8517e5af72,39,1,6.00,1,1,1,111
ef7e46f747646b6129094dc3f4155488,39,1,6.00,1,1,1,111
3f25d002dc6c5203197943be44869f58,39,1,6.00,1,1,1,111
36d715a6f21202f0bd0acbc2c4a32509,39,1,6.00,1,1,1,111
56a4b3c63eed5992fbaccb3550671162,39,1,6.00,1,1,1,111
47777bf4b8cae8a127d5dfa770cc38fe,39,1,6.00,1,1,1,111
cb2b7396e93f306c9076b63930b1a332,39,1,6.00,1,1,1,111
1a947c7e4388f4529f9b1fd58eb8d955,39,1,6.00,1,1,1,111
177862fb87d1e3171a5948b326da8928,39,1,6.00,1,1,1,111
0ac8b5422831a23eb94759861a324be1,39,1,6.00,1,1,1,111
1b32a259d74e2cebbcfda6754e39d421,39,1,6.00,1,1,1,111
7db8638f875e79bab94c61c18c06856f,39,1,6.00,1,1,1,111
807c1f920ed66cd5304366cf432d11fa,39,1,6.00,1,1,1,111
f00acae66459f1828fc1feba2c759fa0,38,1,6.00,1,1,1,111
3efe4df288340c55425041192e0badf1,38,1,6.00,1,1,1,111
52f4ebc12e417cd48ca91c97050d47a3,38,1,6.00,1,1,1,111
d5410fd87206226c7868c4d2aec72299,37,1,6.00,1,1,1,111
81a42a5e9b85c39c9dcf8087bb3d1341,37,1,6.00,1,1,1,111
45bb5ba248ce0878c360173c73263bc7,37,1,6.00,1,1,1,111
145bab853270f02423ef74363010a01f,37,1,6.00,1,1,1,111
0b9bce4e22ab922c862c4854c69852f6,37,1,6.00,1,1,1,111
97c3a87ab5d63e6debeb38c8fc2aa765,36,1,6.00,1,1,1,111
af982647bad6ee3e3a748ff4721e6644,36,1,6.00,1,1,1,111
4bf5e216e3bcd7c0edd5463ec30bd552,47,1,6.00,1,1,1,111
fb0a15a8972216e692289f886fbe75e1,47,1,6.00,1,1,1,111
fad1bbf902fbdf64f92f33d010ab8cb7,47,1,6.00,1,1,1,111
20738507f8a57dbde7be8f66ce61a1b5,46,1,6.00,1,1,1,111
0535470cf036d0c7242c67b16a16d5f7,46,1,6.00,1,1,1,111
c4d989c7f800f0c2a52d1843f9d36e42,46,1,6.00,1,1,1,111
c1182373d393091e9cd4bd9cb51a6207,46,1,6.00,1,1,1,111
db45c52eb9758c7cbba7fceb61755c95,46,1,6.00,1,1,1,111
5be2f401ff4c32131a4f6ea1633f0a84,36,1,6.00,1,1,1,111
483657668ef62e08ead5fe50f0b1d4db,35,1,6.00,1,1,1,111
476d2a8557b63e068870877925589f40,35,1,6.00,1,1,1,111
adba870eb870a85fd09393ca02dd20a2,35,1,6.00,1,1,1,111
29213b1365c936a2bbce9010324ff7cd,35,1,6.00,1,1,1,111
0bad4fcf13b5df627666c2f510782b66,35,1,6.00,1,1,1,111
64f66f9fb3f3c522e310821c0d67fc89,35,1,6.00,1,1,1,111
bebdf6671ea49add6ee57ba489a0a143,35,1,6.00,1,1,1,111
f48ef7d049a41b86550533b5a914fe82,34,1,6.00,1,1,1,111
a0f575c70c2eb6e4ba6843930b50f8f5,34,1,6.00,1,1,1,111
9678da93a39d76ec957f277445cf3bfa,34,1,6.00,1,1,1,111
93b52b7591ca73fc44cdac70146a1b0d,34,1,6.00,1,1,1,111
9b983fb4579a3ac4c22c46d19bea7377,34,1,6.00,1,1,1,111
99c59ed7ac72d3961c4c80e777ba2732,34,1,6.00,1,1,1,111
ac5bde7ba901060a8b99255449df7eff,34,1,6.00,1,1,1,111
aa124de464f5d05af1eec1837493cc45,34,1,6.00,1,1,1,111
35f74ae943b52b63c40c381e16118b32,34,1,6.00,1,1,1,111
3109996d4fbd9ee195129df93d759a6c,34,1,6.00,1,1,1,111
e34f687f8ca6574b49b07eaf3aa84400,34,1,6.00,1,1,1,111
5e721437cc4cc7c291bfb73ed3782790,34,1,6.00,1,1,1,111
830be05486a3cdadc108dc8c434beea3,34,1,6.00,1,1,1,111
a3e04f4bbb17f87b62929ee66982946e,33,1,6.00,1,1,1,111
9d605e775d4d5e73e7b4177ec85effc5,33,1,6.00,1,1,1,111
ff946932c3126fc35f53628633d103b6,33,1,6.00,1,1,1,111
2e3991c453b7a3b24907879771ac7818,33,1,6.00,1,1,1,111
1248ef2fd64344a3070e97c07061ce3c,33,1,6.00,1,1,1,111
3ebd2e5f948dbd9d5165184b5ca781b2,33,1,6.00,1,1,1,111
e123bd1899e6fa1c480d742dabb56ba3,32,1,6.00,1,1,1,111
c26525a6863cd7b333a3bb8de64eff74,32,1,6.00,1,1,1,111
d0692aee4dc7a69aad0c333cea0bd006,32,1,6.00,1,1,1,111
a653a5d5213316bdf59e94dad3485582,32,1,6.00,1,1,1,111
95cc1118ff67d9215f9d961a3719910c,32,1,6.00,1,1,1,111
85ac153c07851a940770823715ef7604,32,1,6.00,1,1,1,111
325dfeb1809ea61290f5d3f2adafcda7,32,1,6.00,1,1,1,111
ef7cc4b636980089f5475c89460a187f,32,1,6.00,1,1,1,111
f51f616a3ef1b481892426fb7c3f1f9e,32,1,6.00,1,1,1,111
297871f85f3905d13eaa1afed708ca57,32,1,6.00,1,1,1,111
20802dd4d187913c6d5b2b8f605bb817,32,1,6.00,1,1,1,111
07fe5a844afcc262e5ab1ffa38946f23,31,1,6.00,1,1,1,111
98bf5cbff159d8f79277af933854697b,31,1,6.00,1,1,1,111
d892383aa36040299858ad9cc4bcee30,31,1,6.00,1,1,1,111
f445fca991f571471ca3e790ad26cb74,31,1,6.00,1,1,1,111
809af7f1b6cac6bd1733c2126c96ed67,31,1,6.00,1,1,1,111
6bfca63ef6ccdccee94ef0b0f6b6b158,31,1,6.00,1,1,1,111
590180f08e3f630449409ec094fcb1de,31,1,6.00,1,1,1,111
30888fabbe35d54b5dcef294496af86b,30,1,6.00,1,1,1,111
5c950be09247ebf8d672c20cbc30383a,30,1,6.00,1,1,1,111
39e16ad9a306c8729696f7732acde86f,30,1,6.00,1,1,1,111
818185d870d1943551594b83ec4004ea,23,1,6.00,1,1,1,111
cd8d93c72e95f185fcc268e4bb1dc5a1,83,1,8.00,1,1,1,111
4386504bf5420ab6c643c134a5dc6357,36,1,8.00,1,1,1,111
345ecd01c38d18a9036ed96c73b8d066,36,1,8.00,1,1,1,111
59f00123fa766cafee685ba1667aa30b,35,1,8.00,1,1,1,111
4234d91b8e44e6f45d2d03c183d8f5cf,35,1,8.00,1,1,1,111
88f994e308b037460dd6f7e4cae770eb,35,1,8.00,1,1,1,111
d57aa7c889167a4a1f47b28bed31c3ce,35,1,8.00,1,1,1,111
dfeba6046dba98aa0ab906c00c4a17d9,35,1,8.00,1,1,1,111
e41dc818559a06eb68af14c3ea952d6e,35,1,8.00,1,1,1,111
a5784dce0bb434ba849e0c85d2c52899,34,1,8.00,1,1,1,111
93d5e580e27ed4d75679467817ab734d,34,1,8.00,1,1,1,111
9bc26fe6fd9365ef95a2f6a3a20a0b87,34,1,8.00,1,1,1,111
43c9959df2b196aa650b48eab5d1a411,34,1,8.00,1,1,1,111
ce6a0a1a899e0c305972a0bf7b97521a,34,1,8.00,1,1,1,111
bec155d3569b43b5e6cd4ea53a153800,34,1,8.00,1,1,1,111
bac7b4b5798499ae07479beff94d2187,34,1,8.00,1,1,1,111
111cf8a9daf60d3546f563db7ed8455b,34,1,8.00,1,1,1,111
5c3b2589420a704bc7fdc4546cb56a04,80,1,9.00,1,1,1,111
34bfe7d8aeeccdcb18d7eed0b6607d7a,81,1,9.00,1,1,1,111
d94bbc58dba1ca15607d46ddfb7f83da,81,1,9.00,1,1,1,111
49f3aad53cee9548fc3c20c1a3df98e4,82,1,9.00,1,1,1,111
e9610db1ce903b47ea5afa0927762873,9,1,9.00,1,1,1,111
eba19814c469ba66dd384612aa663060,10,1,9.00,1,1,1,111
0a0d53341312e66e04b930625f0b5dac,11,1,9.00,1,1,1,111
0d02eb399c6520fbf8f938611878578c,13,1,9.00,1,1,1,111
8a75bcf1cf3c38af9dff219f4b3044f1,14,1,9.00,1,1,1,111
6a015fe2d51ae41c3a73e35aab508644,15,1,9.00,1,1,1,111
0623a77ecb65c1c973663a3a4aedff8f,15,1,9.00,1,1,1,111
3fbfe52c6c944c599e2c369e2a12ca72,15,1,9.00,1,1,1,111
56db89223742ab43a1831acd2f8c4344,16,1,9.00,1,1,1,111
33c147c0a18acae143ff99d7b7b3c88d,16,1,9.00,1,1,1,111
6fa76b0d56f88c4685b9e12f1d8a4220,16,1,9.00,1,1,1,111
df71d73f8b73f0763aad87be12ccd8a0,16,1,9.00,1,1,1,111
e97f5c3887ce5fba03be582cecf47fa8,17,1,9.00,1,1,1,111
48808de5f7aae8881946c93b0b522f8b,18,1,9.00,1,1,1,111
8cffe951d8368bd81eaaf6fd1910319e,18,1,9.00,1,1,1,111
be728fc33a804276c023ac1911161035,19,1,9.00,1,1,1,111
9febc9f07c093eff66ee9dae0dba9aa8,19,1,9.00,1,1,1,111
063588f5ffa31febfaad35085b4582e1,34,1,8.00,1,1,1,111
01858f2fad256b1689f5bdafc059f745,34,1,8.00,1,1,1,111
708976af642e89528bcb19b3e72b4152,34,1,8.00,1,1,1,111
71f792f96cc251c9d2446786b21cbe68,34,1,8.00,1,1,1,111
5db33403549e744b4cdd3092edc966a8,34,1,8.00,1,1,1,111
94e32b724244b93c74c028ce960beec8,33,1,8.00,1,1,1,111
9107708e80782c0f6ccc2b607f5f2a6c,33,1,8.00,1,1,1,111
8e580bcfc25f825e7a9b7f66ae7d4a01,33,1,8.00,1,1,1,111
560a6282f0b9f4176cb56ff6024632d8,33,1,8.00,1,1,1,111
2f081be445187d6ee255609b07efaacb,33,1,8.00,1,1,1,111
42359f0d1ad83cadd2728fb1738c9218,33,1,8.00,1,1,1,111
c70bfc4b936709e674c7df6068ba116f,33,1,8.00,1,1,1,111
e5abd4bd2e04113674acc360e4263918,33,1,8.00,1,1,1,111
e27f99c3e38c91b51381bf82186a2cee,33,1,8.00,1,1,1,111
ced1416fc6e0276033a69ead27de0ccc,33,1,8.00,1,1,1,111
df9a45df92e7a3d3b143bb47ffe05d7d,33,1,8.00,1,1,1,111
e75777ab515d2750cdc5124052a0dfee,32,1,8.00,1,1,1,111
c6f4477475d8880485fe593056e1bbff,32,1,8.00,1,1,1,111
c250c6d53f3716217490c5e4d05585a8,32,1,8.00,1,1,1,111
d20af6b0ad09b59c805eb438e3e42e8a,32,1,8.00,1,1,1,111
ad3f5857368b154b772878ef1877750e,32,1,8.00,1,1,1,111
96c6d4dd554cfd34869b06fe26ff3260,32,1,8.00,1,1,1,111
92dbb8a519a6e824aaa5a53e3f62bb3b,32,1,8.00,1,1,1,111
8fa1a3e33ff386b4b49700b8256fe4b1,32,1,8.00,1,1,1,111
8df90e1f672bf05c11aca9a6c1d632b2,32,1,8.00,1,1,1,111
67a89b297d7937e5ffd2d93759e128a7,32,1,8.00,1,1,1,111
581a5b2be2703f51621c141635638e61,32,1,8.00,1,1,1,111
49f8f0fe12795257f4c54b14c06e2f38,32,1,8.00,1,1,1,111
3a2b0491632d0fec093918658b12509f,32,1,8.00,1,1,1,111
edcc520042f879209c46ed4a773dbf4a,32,1,8.00,1,1,1,111
f818b5035d2d61b52b779c512947f1fa,32,1,8.00,1,1,1,111
143b56c43d22f27d81629b676ef497a2,32,1,8.00,1,1,1,111
9155b49cef29f734a84e3590cf53744a,31,1,8.00,1,1,1,111
9e5663921908dcd140cf657688ef6a0b,31,1,8.00,1,1,1,111
944112881a579a3dabb08c41a05a606b,31,1,8.00,1,1,1,111
b134d1fbe77d00a8e0a4ce9d855ea927,31,1,8.00,1,1,1,111
df3fe24bb641f97427acab1c46a06dd2,31,1,8.00,1,1,1,111
e791de1ba26a76b40c0e6e2e9a5eccae,31,1,8.00,1,1,1,111
bb89e4f51744df82ecb801818a153037,31,1,8.00,1,1,1,111
f992353d9fc256ede3bd2e63d90047c2,31,1,8.00,1,1,1,111
f855612d3a952dce64bce4c69eafcc4e,31,1,8.00,1,1,1,111
6c2662935a686e86c8bf44527eba4bd5,31,1,8.00,1,1,1,111
561d12b11588768ed517a0357a98c42e,31,1,8.00,1,1,1,111
3427662b7701ba498887c15b8d16ae4f,30,1,8.00,1,1,1,111
56aa2869985453b8c205ee9ef0a1f2c0,30,1,8.00,1,1,1,111
36108c0f9b850fc04c4c84ece40ec40c,30,1,8.00,1,1,1,111
c6bc2bf4b75f3f9da5ce95971a2f463b,36,1,8.00,1,1,1,111
f3c66d5bafea434a46cc6006b62569cf,36,1,8.00,1,1,1,111
6f5e153b00fffba52e509d983fe9ba5f,60,1,8.00,1,1,1,111
dd46038389579138a942d9539f335b45,60,1,8.00,1,1,1,111
f57ae1f3a7628aa20b859bac24cd8058,60,1,8.00,1,1,1,111
d8f281068c5b13f6b6578962c64a4155,70,1,9.00,1,1,1,111
7da0ec7dd950226777c1931bbc002769,70,1,9.00,1,1,1,111
5618c13afa9188bbe93a11dff76f3659,70,1,9.00,1,1,1,111
aa96b6f45d3ed7ba77e86bf7ca9f64ae,71,1,9.00,1,1,1,111
10ff81967c0b118cb0dce61eb430df72,71,1,9.00,1,1,1,111
9789c872c721af19e428c304beaf6472,73,1,9.00,1,1,1,111
0c35dda0683add11df3fe84a8a4135a1,74,1,9.00,1,1,1,111
83756f8b7f32ba478361fe47f3fdde98,75,1,9.00,1,1,1,111
0ec0c879543812392056e9c5a13bae70,75,1,9.00,1,1,1,111
88227aadf23f5817850b5d6190ec5c93,77,1,9.00,1,1,1,111
68fff92320db6e5e17479bae49c95498,77,1,9.00,1,1,1,111
2ebf772cd33795ce8176fc8b1387e128,78,1,9.00,1,1,1,111
ed9d56556693e0497814d1ff8607179d,60,1,8.00,1,1,1,111
ec62a773b4f436e0ec8cf255cf2fdc83,60,1,8.00,1,1,1,111
ea2338471bfa1dd636005e5d4fc0c97b,60,1,8.00,1,1,1,111
437a4a92d85f036aa87f87dfc0255793,59,1,8.00,1,1,1,111
cdd2423c8479dba4e44a9f5d43808651,59,1,8.00,1,1,1,111
e0a34cf7800334804596803f6ff3bfb4,59,1,8.00,1,1,1,111
28f68e4284d2287c10f0bc2704023f72,59,1,8.00,1,1,1,111
152dc3cb53d3e3bb539500342e37f3b2,59,1,8.00,1,1,1,111
72089ac341cd2bdcf9873264ae7e9a33,59,1,8.00,1,1,1,111
6a3dabac1e1385555cd423ea8fef12c9,58,1,8.00,1,1,1,111
643e03b0555c358dbca7dbb4ba64617a,58,1,8.00,1,1,1,111
f2993a5e8702bb0803b0dd4a0ea6613a,58,1,8.00,1,1,1,111
d12130dd085941b280cf5e447e243a1a,58,1,8.00,1,1,1,111
b2ee5bbc35d3e89184dd87c1d957b013,57,1,8.00,1,1,1,111
4df43d4c7d3a093a519dbfe0b9dcc0d6,57,1,8.00,1,1,1,111
0d2ba808d67ee955842b258f37ecde78,56,1,8.00,1,1,1,111
01462a1d33f1b303bead3ec1ae2c4f7e,56,1,8.00,1,1,1,111
1a52f930271224cc58f137025140d0d5,56,1,8.00,1,1,1,111
90c312d2299d36c16bbaa3d717b3dfba,56,1,8.00,1,1,1,111
cfc22b871e8ad099b0aa9712dffee9ef,56,1,8.00,1,1,1,111
ed38f65405c6e220fe7d51fee8e02305,56,1,8.00,1,1,1,111
8a4fee7db73ccd4a26a67ab745ba6e12,41,1,8.00,1,1,1,111
db81ac402531dfc86f479a19e88f20fd,41,1,8.00,1,1,1,111
e8157273fb1632f742c9df3daa6357aa,41,1,8.00,1,1,1,111
03fbe2c196c3f0812a34c264dcc617a2,48,1,8.00,1,1,1,111
925b342758b38ece96f9fd70f55f51e4,41,1,8.00,1,1,1,111
a5738ff6026ddeee2cb18beb0aeabeb2,41,1,8.00,1,1,1,111
969e70114da622b7dbf67164497a279a,41,1,8.00,1,1,1,111
0d83b1f69cce44c6b8401433a2490be6,41,1,8.00,1,1,1,111
1fc8630d25cd738b571a0acc08c2eff7,42,1,8.00,1,1,1,111
5b6d9e07623d590dc2bca9d345e04072,42,1,8.00,1,1,1,111
3062bdce438d3d55da73b1cb60d328d3,42,1,8.00,1,1,1,111
b7ffb665ff10cf09ed37bf18682a9f5a,42,1,8.00,1,1,1,111
c7e7c9292cbefb5a73573095f0ff21a6,42,1,8.00,1,1,1,111
c8a8ad6bd2023625940fd80137b53423,42,1,8.00,1,1,1,111
4656b3fa1f47c6d0a513e9eedfaaeeec,43,1,8.00,1,1,1,111
31c733afaf6875ccb2a96b7d5cb79b64,43,1,8.00,1,1,1,111
50c7adf7c25188cf27f66e1cfe278fad,43,1,8.00,1,1,1,111
5192c897072033288df55bd01b0e5737,43,1,8.00,1,1,1,111
23c77f83f3c1b81420911c38579b8766,43,1,8.00,1,1,1,111
2de521d3fd097acfbd5bed9c7b9ed0d0,43,1,8.00,1,1,1,111
a14b178930d5095e2beda5ffa0641e7a,43,1,8.00,1,1,1,111
a393318d105b41e17b2b04716731d17e,43,1,8.00,1,1,1,111
a9b026c8fe47c00c02d1eac79fb78cec,43,1,8.00,1,1,1,111
addbdb6a87401fca750e8aa543641232,43,1,8.00,1,1,1,111
7e49d5a69b6825991678c670e495f1b1,44,1,8.00,1,1,1,111
096dc12ce4dbdbcf4bf71eed9fc3a4cd,44,1,8.00,1,1,1,111
d35ff7e26bfdc97d1e57191f1438fcfd,44,1,8.00,1,1,1,111
c573caf2e2c12c731885273e03dc5471,44,1,8.00,1,1,1,111
4400e681a699edfa0228e7a79cd3a945,44,1,8.00,1,1,1,111
46f8480c92b05fd97e37974a582df787,44,1,8.00,1,1,1,111
95b91c055d768572e82f253201adf513,44,1,8.00,1,1,1,111
ba5b89861d3366860b9166e90706a09f,44,1,8.00,1,1,1,111
c930c68b5708cde0edd9bf90db256ea3,45,1,8.00,1,1,1,111
d4b356ab08407f5d51f04f13071b43cd,45,1,8.00,1,1,1,111
2381aabb8ad1faa91c14e6200ffab4a1,24,1,8.00,1,1,1,111
25f538d53ef3c2b84b94b5114e953c7a,24,1,8.00,1,1,1,111
158c2c6ac52858985007be2baa3abcd1,24,1,8.00,1,1,1,111
19f79a2e7708ffa5d3cc9ca72b416533,24,1,8.00,1,1,1,111
031aa5ac6d8d997b03e739c47752aac3,24,1,8.00,1,1,1,111
c01564f6ced87418ab8821304f4f0cfe,24,1,8.00,1,1,1,111
d8870510ff9a80e33b040a7f7052c289,24,1,8.00,1,1,1,111
30a006c7675f240d560544390f1a9b8c,24,1,8.00,1,1,1,111
462bdc23a9aeccf92dc12e5893e54c30,24,1,8.00,1,1,1,111
491957a3de1bf787fca9e9af19b1e30a,24,1,8.00,1,1,1,111
ec9a70abc61e9e4fec7925e23e7cc8c2,24,1,8.00,1,1,1,111
c9c95b3008a12b91d3597b86d704f5d7,25,1,8.00,1,1,1,111
702b073491f360532059ba3dec84492f,25,1,8.00,1,1,1,111
7249013c9e600dd351fbb2c074d85c6b,25,1,8.00,1,1,1,111
06ec3677cee4b59c27b290bf07288bf5,25,1,8.00,1,1,1,111
29a42800a23063e555b08f02bbabb3f3,25,1,8.00,1,1,1,111
f601e000754b54851347b0b14ca81a17,56,1,8.00,1,1,1,111
f18411d7b672c537a95a716f13fc0b17,56,1,8.00,1,1,1,111
8a8aa3de098cdfe04dafc3086a88caa0,56,1,8.00,1,1,1,111
85bef48ea3240619e6971a9c676d7807,56,1,8.00,1,1,1,111
4ff5594bb250c1c1d63f662829a68fab,56,1,8.00,1,1,1,111
598ad1542aeb657622689fecf1c3d476,55,1,8.00,1,1,1,111
22fc43805362081852900eab46ec116b,25,1,8.00,1,1,1,111
188fef954caac5f041726349d2bd8a6e,25,1,8.00,1,1,1,111
b871ca8d7294f56a642da903e76f22de,25,1,8.00,1,1,1,111
a2c849f289065fe4cfe65b094aad297f,25,1,8.00,1,1,1,111
452cbe60d90609f553b9a2be5b3f69fe,25,1,8.00,1,1,1,111
305726b8672a266ba5997fcdc9403c61,25,1,8.00,1,1,1,111
4cb9a0c69594489bc5bf3ab2befa899d,25,1,8.00,1,1,1,111
330ca5e049b32835732e86fdf8402418,26,1,8.00,1,1,1,111
4512070eeda071f62cde3a31ded19f8e,26,1,8.00,1,1,1,111
45afd57c6d54e4ed051848bca25ea414,26,1,8.00,1,1,1,111
48a3c002c371b3cc51ddb3117c1daf02,26,1,8.00,1,1,1,111
54e488dabb575f7fbdb4dea2060f688b,55,1,8.00,1,1,1,111
481a3e4c07971c950ac25f7317ac421b,55,1,8.00,1,1,1,111
4ca02c9c06a4661aa27e4f15655a0134,55,1,8.00,1,1,1,111
b8fbbfbb999eada7bea124f324481dca,55,1,8.00,1,1,1,111
b541410bf6a43ea5919ccdbe0d74006e,55,1,8.00,1,1,1,111
c64b3c04a6122794a85f5aa1c304e815,55,1,8.00,1,1,1,111
edb5029b53a98b8cf94c444a52f50ee0,55,1,8.00,1,1,1,111
3553fcbd8e28065afd428c86bb82e07c,54,1,8.00,1,1,1,111
47828660b4aa2c38f57dee5d28805c40,54,1,8.00,1,1,1,111
256c60dd0c544c43f8519330a48b427f,54,1,8.00,1,1,1,111
1a25021583393531afe88dfddcebc9cc,54,1,8.00,1,1,1,111
6beb50c4bfec8dfbfdd1d12d4d75b529,54,1,8.00,1,1,1,111
73fccc8e15106280b72157472628a291,53,1,8.00,1,1,1,111
108a66846771910748a726a8073ee888,53,1,8.00,1,1,1,111
dfae4f86093ca47b98a483eaedb23667,53,1,8.00,1,1,1,111
c63a8c4fb13043a3fbe33bd17c69d17d,53,1,8.00,1,1,1,111
d6804e06d2d8befcde49c46cf7e8ad3c,53,1,8.00,1,1,1,111
e5d666c254dc4f4d7f205213e00b0cff,52,1,8.00,1,1,1,111
8eb54bbb77e7ed209d1c98cb9d05cff6,52,1,8.00,1,1,1,111
ac520dc7cb6f47563c95f9f2324a567c,52,1,8.00,1,1,1,111
8ad7111372b29f1c16ad00c2c3d93d75,52,1,8.00,1,1,1,111
457e83b0e1fe8fa1d67711e8306edba0,52,1,8.00,1,1,1,111
f437f2cc0e091dfc91cfabd06ac99981,52,1,8.00,1,1,1,111
f90479482163c5c3e4a43c77285d7b49,52,1,8.00,1,1,1,111
21cdfc6b2c123f648c56fc6080a929fb,52,1,8.00,1,1,1,111
0820b88e46f48599042bd627fe954b66,52,1,8.00,1,1,1,111
1afc7562135a94acde58e6a7665ef4ac,52,1,8.00,1,1,1,111
a53001b98f0402247da48e45f06bfb20,51,1,8.00,1,1,1,111
95bd309ddef95bbc768da65506e6d5bb,51,1,8.00,1,1,1,111
6a691cee3813cbd75a18516f954b035a,51,1,8.00,1,1,1,111
66e775ac24247ce2c55890a835fb0484,51,1,8.00,1,1,1,111
77a63731fc358f68a5ce26211fc340a8,51,1,8.00,1,1,1,111
63090a16cf5072baf04479c8adb04a46,51,1,8.00,1,1,1,111
4174ad8f46584ecee8f8acd307379ddb,51,1,8.00,1,1,1,111
3b31019152f7496d3f22bb0e6f26ec1d,51,1,8.00,1,1,1,111
41231c4f7dd28899b2a284c1f523366d,50,1,8.00,1,1,1,111
46c39f459f31460d361db4ccc6d6fa52,50,1,8.00,1,1,1,111
2c483e035da87ae2b8c9344e51484e9f,50,1,8.00,1,1,1,111
2af8c2a2069e09b34328ef7cf19dc1f7,50,1,8.00,1,1,1,111
68b228fb72285c850bd288b1a6525625,50,1,8.00,1,1,1,111
d3b0732fcd6b002c3ad8364802840125,50,1,8.00,1,1,1,111
bd37f43b2dce7b70028c686513bf4d9d,50,1,8.00,1,1,1,111
f9587d91abceb88cb43a144b5123188f,50,1,8.00,1,1,1,111
f7e28f830383c4c1eb60f8c067e95c9b,50,1,8.00,1,1,1,111
f6c4d343f3e95e7577f3a7ebe3883b73,50,1,8.00,1,1,1,111
fe2b59e981d95ca01c7aa87b26199e2c,49,1,8.00,1,1,1,111
efe3565a80fc9f9cb39c28c88ee17c23,49,1,8.00,1,1,1,111
9810cc6cdb6853ab93348af627d47050,49,1,8.00,1,1,1,111
95742dcc3166c2d4aa27a4e9b68cd628,49,1,8.00,1,1,1,111
9106c4b8ec49b76e2d2e88087eedcb28,49,1,8.00,1,1,1,111
8de1b31e5f6d5dc6af382c13947816bd,49,1,8.00,1,1,1,111
3b2ba597f7abee805bebbb2ee4aa0faa,49,1,8.00,1,1,1,111
3eae186f055f4487b4fe7eb48eb9620a,49,1,8.00,1,1,1,111
d2f28957708c477204aaddbad2f2c37c,49,1,8.00,1,1,1,111
1612e8679bfb8e8b5a2f35400282af03,49,1,8.00,1,1,1,111
6155d614719b2eccd46655e8a8d05942,49,1,8.00,1,1,1,111
787e5aa70402379d3a5a8176095d9990,49,1,8.00,1,1,1,111
6e20b22b5f974a9491fedcca99e33546,48,1,8.00,1,1,1,111
753fd2847cd950be551bee66c494d8f1,48,1,8.00,1,1,1,111
b3392d0eab758cb77860a4964de09ae6,48,1,8.00,1,1,1,111
1984d35844b8163e4013976a2ad96170,48,1,8.00,1,1,1,111
50344414b85e2dc2ef9fc59c456aab28,26,1,8.00,1,1,1,111
03459ab284a12b6d17eaf5b9c1c5b357,48,1,8.00,1,1,1,111
01940bd0ea09e8cbbeb24452e58dcb0e,48,1,8.00,1,1,1,111
4839d0a5981dbf7b6eeb30c0fa5678d5,48,1,8.00,1,1,1,111
481b92cf4d0d566a5fac800ee98ddeb6,48,1,8.00,1,1,1,111
f0bc93e644b830e9d4483a9ebccec525,30,1,8.00,1,1,1,111
d43e7cbf7354f1f46a7a1b30701017b3,48,1,8.00,1,1,1,111
c84c181b8a6b3bd195f64cb1b0e40c34,48,1,8.00,1,1,1,111
c47ec91fad63554dd8fe3e33188faf7d,48,1,8.00,1,1,1,111
c162adcfa9cdc729ccea19ed898d7e6b,48,1,8.00,1,1,1,111
e72ee53d1e985b90b87643008e86518a,47,1,8.00,1,1,1,111
bc985825f87c926fd2f0b110c8e260af,47,1,8.00,1,1,1,111
bb35282e354b23329f34320a71628a04,47,1,8.00,1,1,1,111
dc322a386256164c01fc74e510ca3187,47,1,8.00,1,1,1,111
a39447eee91a5da5d34e5d0b971ca1eb,47,1,8.00,1,1,1,111
635dc2021a0b885018529be5111195d0,69,1,8.00,1,1,1,111
8265ba085d6d2ea4bd762a40c59b321a,68,1,8.00,1,1,1,111
71334060b76654cc2d3fedf3bfe0873e,68,1,8.00,1,1,1,111
226d068d5739851b23c3fa5bd9b7c266,68,1,8.00,1,1,1,111
521e82a43f447e62addb142d55239769,68,1,8.00,1,1,1,111
50605c81f77a2171191dffee444613b2,68,1,8.00,1,1,1,111
cc5848e89357ee881fd8f1eaac6f2b49,68,1,8.00,1,1,1,111
d8c307f8746de04aba2c026bf7e40b8e,68,1,8.00,1,1,1,111
d81dbd4dc9b664a04992e700e8d6dca6,68,1,8.00,1,1,1,111
d67a0777f0d15d5207f518df81d26809,68,1,8.00,1,1,1,111
905a884941b7434309e552100e208dc3,67,1,8.00,1,1,1,111
8ea5de78222841571f917ade2af8e9e6,67,1,8.00,1,1,1,111
8ea2ec4064078eab4e0b38ee7779aa99,67,1,8.00,1,1,1,111
9784bdc3e035fe7e3e8e0b42bebe4796,67,1,8.00,1,1,1,111
811459d2ae60f5c3affc92682010617d,67,1,8.00,1,1,1,111
80aca08aae577d2772b22fea69d2eb0a,67,1,8.00,1,1,1,111
45ae8b71b39bd06b92e607944ff5b028,67,1,8.00,1,1,1,111
4455eec1f6e21d99baad7f67d875a2d8,67,1,8.00,1,1,1,111
f156ecff8cfeef747e99c7b70a1c8c71,67,1,8.00,1,1,1,111
fc3f6434a6691c0658a73df9dc86d790,67,1,8.00,1,1,1,111
2d70122b10e149b79bd68eb134e692cd,67,1,8.00,1,1,1,111
21ae07e16a47e3fed94214fe683e97d9,66,1,8.00,1,1,1,111
ea570b4a79a1f4c686d41cf2570a8781,66,1,8.00,1,1,1,111
f44351aec9f0af49773112d6af032be2,66,1,8.00,1,1,1,111
88384ec160635fc5e173a65201e68053,66,1,8.00,1,1,1,111
7db0af1dd699f4a8dc069b7b8a7220d0,66,1,8.00,1,1,1,111
796cc5c052e5048768d67088c4ba1a4e,66,1,8.00,1,1,1,111
650c3cbdbc5b0bf3c0885e9b97a9bdee,66,1,8.00,1,1,1,111
40f782391f3127f62dda62d6f4be2e31,66,1,8.00,1,1,1,111
06038c34a42717cdd6dc54b8bb0e6548,65,1,8.00,1,1,1,111
84c6b62a0ae42363ad632eff734eec12,65,1,8.00,1,1,1,111
ff8eddc3ff272a5724e2ac6635cb7df2,64,1,8.00,1,1,1,111
a820910278fe5be7cd2b88b99c27bf4e,64,1,8.00,1,1,1,111
be5b965f788181a964dce407b5334d15,64,1,8.00,1,1,1,111
e2144ff7214c1f09fbfbd8c6c65915dd,64,1,8.00,1,1,1,111
dc346a06c99541e0d240bb1bf0967009,64,1,8.00,1,1,1,111
db03f5d6cbe86098fe06a3e26d6b4c6e,64,1,8.00,1,1,1,111
26b177a2f8eddb2c4fd57ff782acf2d5,64,1,8.00,1,1,1,111
85dd6b4f5819c17f3694b42d01c64291,64,1,8.00,1,1,1,111
5f25063bd0fd1006d687a2565ec6964a,64,1,8.00,1,1,1,111
727fd1637068f738000769f328ccbe4c,64,1,8.00,1,1,1,111
0180d29fed77d26d59490f37198514a1,63,1,8.00,1,1,1,111
38cdf86d0010a03bfe6d759e51f1cedd,63,1,8.00,1,1,1,111
c3086306842a35505c0d74c425b4dff0,63,1,8.00,1,1,1,111
9c4e9cdeb7afe29d1395506e385c468b,62,1,8.00,1,1,1,111
685abc1eaf4a2aeb07064bb55f071088,62,1,8.00,1,1,1,111
74d6e3df517f4a076bd8ae47b0bc3d48,62,1,8.00,1,1,1,111
620752c95eb8eebec0de7b53ce069e79,62,1,8.00,1,1,1,111
5f85be15539267e9fcbc5d6f5d1ff206,62,1,8.00,1,1,1,111
327b3e0e7c587528d5a3255555c132ab,62,1,8.00,1,1,1,111
31e34c9568c4675478a694c317cad2d5,62,1,8.00,1,1,1,111
4db005ae588356c526a21122bb436852,62,1,8.00,1,1,1,111
ef543410650635c64cf3193370ebb765,62,1,8.00,1,1,1,111
f55f92b28e828938355dfb6053dfaeb4,62,1,8.00,1,1,1,111
2d5be5b4d4a603856911a03bb0dc8d0f,62,1,8.00,1,1,1,111
080acede34dc0ae044967011924a273a,62,1,8.00,1,1,1,111
162ef1b14a57c9f532a3211e15e15103,62,1,8.00,1,1,1,111
026cc430843b605b4b5515751f4fe5d3,62,1,8.00,1,1,1,111
74aa7b3870366f21c0d805cf437aab22,26,1,8.00,1,1,1,111
f1e792f1f42a33314fbaedefe2aa7822,26,1,8.00,1,1,1,111
bd82ed91c46ac8415a451591823b41e2,26,1,8.00,1,1,1,111
e61f0f032bc92cadf0ec55f9c1c8b5ec,26,1,8.00,1,1,1,111
cdf5e0f0be96859e704094abff7ed5b2,26,1,8.00,1,1,1,111
c16bb123fd0f6a23dce5ff04d9f43436,26,1,8.00,1,1,1,111
9b1d4ea0e572459ee5e947abf3ca631d,26,1,8.00,1,1,1,111
9f8d795ab9d965e3c8b3bf9cbd913179,26,1,8.00,1,1,1,111
b8e1f9329cc7905afbbfb0f4d65086ba,26,1,8.00,1,1,1,111
1412a71cfa4f44a7e5473220f820b4d9,26,1,8.00,1,1,1,111
183ae197d39a50d6286b7abeac5f0675,27,1,8.00,1,1,1,111
2d55aacf7688e281b83de3ffaa61c058,27,1,8.00,1,1,1,111
0e3f036864658ee700ddaeb289c1aa9b,27,1,8.00,1,1,1,111
eb4a893ea8b36a4d88daeb9c433103d7,27,1,8.00,1,1,1,111
faf67caa1cf9020d82b7479672ffe66e,27,1,8.00,1,1,1,111
3123dc97347a751c4d825f45d6d6e4c0,27,1,8.00,1,1,1,111
35edcc3677135912a62091c6fc98a12d,27,1,8.00,1,1,1,111
52b09be0ba9316e29bcc8bf687612b19,27,1,8.00,1,1,1,111
84e608f9dafd94d0749f99368bec4ff5,27,1,8.00,1,1,1,111
622584559fe8aa050314bc38693a419e,27,1,8.00,1,1,1,111
86f640c7e3643b14b581bb1396422502,27,1,8.00,1,1,1,111
871090876d4f60c4c9935ff3eaf6d7ff,27,1,8.00,1,1,1,111
6e6a6567e76bd5bbc112d7d7f9a9c0e5,27,1,8.00,1,1,1,111
8cabd14272f05262621ffa151546bac6,27,1,8.00,1,1,1,111
937957cb1bc6deab6796d96f528d849d,27,1,8.00,1,1,1,111
cb844046ab848696a40b6f6935314030,27,1,8.00,1,1,1,111
38d65d91905088a7b7d5be3ac5a05509,28,1,8.00,1,1,1,111
0f53f9de97fd752db6a2c74a3bac5cf7,28,1,8.00,1,1,1,111
1b49ce51d99880de7810b867c49a2c6e,28,1,8.00,1,1,1,111
9ffb4406e0df3460c78afa4080f59738,28,1,8.00,1,1,1,111
1c5752d69b5a60e652b57fb87315e7c5,62,1,8.00,1,1,1,111
8e06c5fa3e89b2100b17357c309799da,28,1,8.00,1,1,1,111
980572a22792ed5926c8a3bef3847743,28,1,8.00,1,1,1,111
994cf0ee7af82a0fecac91a978eba7dc,28,1,8.00,1,1,1,111
73ab88904d8a605460b77ac0b8c14fc1,28,1,8.00,1,1,1,111
7611dc15468ce938cb03585bf51faad8,28,1,8.00,1,1,1,111
5ea07eb49d71317baa63658681ab1dbf,28,1,8.00,1,1,1,111
64faf0e0d5618314500d43f4c26f254e,28,1,8.00,1,1,1,111
1db803b751b472b524ed047aeec4fabd,61,1,8.00,1,1,1,111
1bbd9a63db6ed2bb12623de2b1ceb7c3,61,1,8.00,1,1,1,111
ca6b5d76c7639b07f879ea2c012320c8,61,1,8.00,1,1,1,111
cf5312d1e36fd9513965c68fe57619a3,61,1,8.00,1,1,1,111
bab658eee244ad35b14b1c67801aee03,61,1,8.00,1,1,1,111
f5f434147aa6cc5a6e7ddfa98c742368,61,1,8.00,1,1,1,111
7b13299286144c82451d495e7cb701f2,61,1,8.00,1,1,1,111
73a99c7a2c8a5a9bd05bf0c2b88f6bbe,61,1,8.00,1,1,1,111
5cc037ad2e2050e7b27fa7252c09c4ee,61,1,8.00,1,1,1,111
464ead365df0b5db3915541c6286ddd1,61,1,8.00,1,1,1,111
4426b6d342fe4e63125a979cc9de8e35,61,1,8.00,1,1,1,111
45d1f7df122e9fb5d8b3194f17f108f6,60,1,8.00,1,1,1,111
4b0bfdc7d4ca991497dd73b9cb340085,60,1,8.00,1,1,1,111
548a09978548d2e347d494793e34c797,60,1,8.00,1,1,1,111
2c0e05701aacff128ff6eade69e72f86,60,1,8.00,1,1,1,111
f7cb6525ea921db8a653633f798bf51f,46,1,8.00,1,1,1,111
86f16370f49070fc7fa10532c8d50c9f,46,1,8.00,1,1,1,111
6937b01fee2c290a613cf1725835c02c,46,1,8.00,1,1,1,111
64fb9d79b8ba2a50a9617b682054c912,46,1,8.00,1,1,1,111
3467e97ab367cc77d54f3b94ce52a801,46,1,8.00,1,1,1,111
8bc3746e85755be3cd732b6dbe4bc21a,28,1,8.00,1,1,1,111
886583680443fec2ba8b1426cc6facde,29,1,8.00,1,1,1,111
73583b6d8dd288a75e32766d0e532a4c,29,1,8.00,1,1,1,111
61d36066163dfcf83989f7d6edabaff6,29,1,8.00,1,1,1,111
166ec5dd3ecbfd90e6f4b58e37c73623,29,1,8.00,1,1,1,111
1b681ab145e46464c8bc53ee72c55ee8,29,1,8.00,1,1,1,111
0fd9b568c34096e7d1b68f52f9cfbb5c,29,1,8.00,1,1,1,111
